{
  "id": "meta_landscape_16x9",
  "platform": "meta",
  "placement": "landscape",
  "aspect_ratio": "16:9",
  "width": 1920,
  "height": 1080,
  "safe_zones": {
    "padding": 120
  },
  "zones": [
    {
      "type": "LOGO",
      "x": 120,
      "y": 120,
      "w": 260,
      "h": 110
    },
    {
      "type": "HEADLINE",
      "x": 120,
      "y": 270,
      "w": 1680,
      "h": 160
    },
    {
      "type": "CTA",
      "x": 120,
      "y": 860,
      "w": 1680,
      "h": 140
    }
  ],
  "negative_space_hint": "left_third"
}