{
  "id": "meta_feed_1x1",
  "platform": "meta",
  "placement": "feed",
  "aspect_ratio": "1:1",
  "width": 1080,
  "height": 1080,
  "safe_zones": {
    "padding": 80
  },
  "zones": [
    {
      "type": "LOGO",
      "x": 80,
      "y": 80,
      "w": 180,
      "h": 80
    },
    {
      "type": "HEADLINE",
      "x": 80,
      "y": 200,
      "w": 920,
      "h": 160
    },
    {
      "type": "CTA",
      "x": 80,
      "y": 920,
      "w": 920,
      "h": 120
    }
  ],
  "negative_space_hint": "top_third"
}