{
  "id": "meta_feed_4x5",
  "platform": "meta",
  "placement": "feed",
  "aspect_ratio": "4:5",
  "width": 1080,
  "height": 1350,
  "safe_zones": {
    "padding": 80
  },
  "zones": [
    {
      "type": "LOGO",
      "x": 80,
      "y": 80,
      "w": 180,
      "h": 80
    },
    {
      "type": "HEADLINE",
      "x": 80,
      "y": 220,
      "w": 920,
      "h": 180
    },
    {
      "type": "CTA",
      "x": 80,
      "y": 1180,
      "w": 920,
      "h": 140
    }
  ],
  "negative_space_hint": "upper_half"
}