{
  "id": "meta_story_9x16",
  "platform": "meta",
  "placement": "story",
  "aspect_ratio": "9:16",
  "width": 1080,
  "height": 1920,
  "safe_zones": {
    "top": 250,
    "bottom": 350,
    "left": 60,
    "right": 60
  },
  "zones": [
    {
      "type": "LOGO",
      "x": 60,
      "y": 280,
      "w": 200,
      "h": 90
    },
    {
      "type": "HEADLINE",
      "x": 60,
      "y": 420,
      "w": 960,
      "h": 220
    },
    {
      "type": "CTA",
      "x": 60,
      "y": 1450,
      "w": 960,
      "h": 160
    }
  ],
  "negative_space_hint": "center"
}